index,tx_item1,tx_price1,tx_item2,tx_price2,expected_action1,expected_action2,rx_index,rx_item1,rx_action1,rx_item2,rx_action2,rx_reserved,action1_correct,action2_correct,packet_correct,status,latency_us
0,0x11,59,0x22,27,IGNORED,IGNORED,0,0x11,NONE,0x22,NONE,0x0000,,,,IGNORED_WARMUP,3364.73
1,0x11,21,0x22,56,IGNORED,IGNORED,1,0x11,NONE,0x22,NONE,0x0000,,,,IGNORED_WARMUP,17031.78
2,0x11,39,0x22,83,IGNORED,IGNORED,2,0x11,NONE,0x22,NONE,0x0000,,,,IGNORED_WARMUP,16844.15
3,0x11,16,0x22,8,IGNORED,IGNORED,3,0x11,NONE,0x22,NONE,0x0000,,,,IGNORED_WARMUP,16992.84
4,0x11,66,0x22,67,IGNORED,IGNORED,4,0x11,NONE,0x22,NONE,0x0000,,,,IGNORED_WARMUP,16996.54
5,0x11,24,0x22,85,IGNORED,IGNORED,5,0x11,NONE,0x22,NONE,0x0000,,,,IGNORED_WARMUP,16818.78
6,0x11,44,0x22,1,IGNORED,IGNORED,6,0x11,NONE,0x22,NONE,0x0000,,,,IGNORED_WARMUP,16888.13
7,0x11,36,0x22,49,IGNORED,IGNORED,7,0x11,NONE,0x22,NONE,0x0000,,,,IGNORED_WARMUP,16986.21
8,0x11,35,0x22,67,IGNORED,IGNORED,8,0x11,NONE,0x22,NONE,0x0000,,,,IGNORED_WARMUP,16985.31
9,0x11,83,0x22,59,IGNORED,IGNORED,9,0x11,NONE,0x22,NONE,0x0000,,,,IGNORED_WARMUP,17011.64
10,0x11,11,0x22,6,IGNORED,IGNORED,10,0x11,NONE,0x22,NONE,0x0000,,,,IGNORED_WARMUP,16669.58
11,0x11,73,0x22,36,IGNORED,IGNORED,11,0x11,NONE,0x22,NONE,0x0000,,,,IGNORED_WARMUP,17002.85
12,0x11,94,0x22,33,IGNORED,IGNORED,12,0x11,NONE,0x22,NONE,0x0000,,,,IGNORED_WARMUP,17067.23
13,0x11,83,0x22,24,IGNORED,IGNORED,13,0x11,NONE,0x22,NONE,0x0000,,,,IGNORED_WARMUP,17024.68
14,0x11,68,0x22,65,IGNORED,IGNORED,14,0x11,NONE,0x22,NONE,0x0000,,,,IGNORED_WARMUP,16849.25
15,0x11,3,0x22,13,IGNORED,IGNORED,15,0x11,NONE,0x22,NONE,0x0000,,,,IGNORED_WARMUP,16842.42
16,0x22,69,0x11,32,BUY,NONE,16,0x22,BUY,0x11,NONE,0x0000,YES,YES,YES,CORRECT,16902.49
17,0x11,70,0x22,78,BUY,BUY,17,0x11,BUY,0x22,BUY,0x0000,YES,YES,YES,CORRECT,16833.08
18,0x11,61,0x22,21,BUY,SELL,18,0x11,BUY,0x22,SELL,0x0000,YES,YES,YES,CORRECT,17006.68
19,0x11,55,0x22,91,BUY,BUY,19,0x11,BUY,0x22,BUY,0x0000,YES,YES,YES,CORRECT,16944.77
20,0x22,47,0x11,73,BUY,BUY,20,0x22,BUY,0x11,BUY,0x0000,YES,YES,YES,CORRECT,16858.60
21,0x22,28,0x11,20,SELL,SELL,21,0x22,SELL,0x11,SELL,0x0000,YES,YES,YES,CORRECT,16852.49
22,0x11,19,0x22,34,SELL,SELL,22,0x11,SELL,0x22,SELL,0x0000,YES,YES,YES,CORRECT,16972.96
23,0x22,49,0x11,75,BUY,BUY,23,0x22,BUY,0x11,BUY,0x0000,YES,YES,YES,CORRECT,16961.37
24,0x22,62,0x11,16,BUY,SELL,24,0x22,BUY,0x11,SELL,0x0000,YES,YES,YES,CORRECT,16979.45
25,0x22,82,0x11,97,BUY,BUY,25,0x22,BUY,0x11,BUY,0x0000,YES,YES,YES,CORRECT,16830.02
26,0x11,11,0x22,78,SELL,BUY,26,0x11,SELL,0x22,BUY,0x0000,YES,YES,YES,CORRECT,17043.38
27,0x11,22,0x22,64,SELL,BUY,27,0x11,SELL,0x22,BUY,0x0000,YES,YES,YES,CORRECT,16784.76
28,0x22,44,0x11,67,SELL,BUY,28,0x22,SELL,0x11,BUY,0x0000,YES,YES,YES,CORRECT,16909.77
29,0x11,87,0x22,81,BUY,BUY,29,0x11,BUY,0x22,BUY,0x0000,YES,YES,YES,CORRECT,16993.96
30,0x11,48,0x22,90,BUY,BUY,30,0x11,BUY,0x22,BUY,0x0000,YES,YES,YES,CORRECT,16823.03
31,0x22,90,0x11,93,BUY,BUY,31,0x22,BUY,0x11,BUY,0x0000,YES,YES,YES,CORRECT,16946.86
32,0x11,52,0x22,20,SELL,SELL,32,0x11,SELL,0x22,SELL,0x0000,YES,YES,YES,CORRECT,16893.94
33,0x22,84,0x11,89,BUY,BUY,33,0x22,BUY,0x11,BUY,0x0000,YES,YES,YES,CORRECT,17013.94
34,0x22,68,0x11,95,BUY,BUY,34,0x22,BUY,0x11,BUY,0x0000,YES,YES,YES,CORRECT,17083.42
35,0x11,82,0x22,99,BUY,BUY,35,0x11,BUY,0x22,BUY,0x0000,YES,YES,YES,CORRECT,16738.68
36,0x11,21,0x22,48,SELL,SELL,36,0x11,SELL,0x22,SELL,0x0000,YES,YES,YES,CORRECT,17139.42
37,0x22,80,0x11,87,BUY,BUY,37,0x22,BUY,0x11,BUY,0x0000,YES,YES,YES,CORRECT,16830.70
38,0x22,28,0x11,22,SELL,SELL,38,0x22,SELL,0x11,SELL,0x0000,YES,YES,YES,CORRECT,16966.70
39,0x22,65,0x11,4,SELL,SELL,39,0x22,SELL,0x11,SELL,0x0000,YES,YES,YES,CORRECT,16811.38
40,0x11,56,0x22,61,SELL,SELL,40,0x11,SELL,0x22,SELL,0x0000,YES,YES,YES,CORRECT,16900.77
41,0x11,47,0x22,66,SELL,SELL,41,0x11,SELL,0x22,SELL,0x0000,YES,YES,YES,CORRECT,17060.21
42,0x22,74,0x11,46,BUY,SELL,42,0x22,BUY,0x11,SELL,0x0000,YES,YES,YES,CORRECT,16854.28
43,0x22,34,0x11,15,SELL,SELL,43,0x22,SELL,0x11,SELL,0x0000,YES,YES,YES,CORRECT,16985.14
44,0x11,87,0x22,3,BUY,SELL,44,0x11,BUY,0x22,SELL,0x0000,YES,YES,YES,CORRECT,16982.28
45,0x11,63,0x22,48,BUY,SELL,45,0x11,BUY,0x22,SELL,0x0000,YES,YES,YES,CORRECT,16913.99
46,0x11,59,0x22,35,BUY,SELL,46,0x11,BUY,0x22,SELL,0x0000,YES,YES,YES,CORRECT,16944.46
47,0x22,65,0x11,40,BUY,SELL,47,0x22,BUY,0x11,SELL,0x0000,YES,YES,YES,CORRECT,16923.20
48,0x22,45,0x11,13,SELL,SELL,48,0x22,SELL,0x11,SELL,0x0000,YES,YES,YES,CORRECT,16906.88
49,0x11,69,0x22,71,BUY,BUY,49,0x11,BUY,0x22,BUY,0x0000,YES,YES,YES,CORRECT,16856.79
50,0x22,38,0x11,74,SELL,BUY,50,0x22,SELL,0x11,BUY,0x0000,YES,YES,YES,CORRECT,17087.31
51,0x22,51,0x11,27,BUY,SELL,51,0x22,BUY,0x11,SELL,0x0000,YES,YES,YES,CORRECT,16908.29
52,0x11,70,0x22,23,BUY,SELL,52,0x11,BUY,0x22,SELL,0x0000,YES,YES,YES,CORRECT,16896.03
53,0x22,98,0x11,57,BUY,BUY,53,0x22,BUY,0x11,BUY,0x0000,YES,YES,YES,CORRECT,16960.86
54,0x22,9,0x11,75,SELL,BUY,54,0x22,SELL,0x11,BUY,0x0000,YES,YES,YES,CORRECT,16787.55
55,0x11,24,0x22,26,SELL,SELL,55,0x11,SELL,0x22,SELL,0x0000,YES,YES,YES,CORRECT,17150.00
56,0x11,20,0x22,8,SELL,SELL,56,0x11,SELL,0x22,SELL,0x0000,YES,YES,YES,CORRECT,16784.23
57,0x22,99,0x11,64,BUY,BUY,57,0x22,BUY,0x11,BUY,0x0000,YES,YES,YES,CORRECT,17052.01
58,0x22,57,0x11,59,BUY,BUY,58,0x22,BUY,0x11,BUY,0x0000,YES,YES,YES,CORRECT,16814.59
59,0x22,30,0x11,32,SELL,SELL,59,0x22,SELL,0x11,SELL,0x0000,YES,YES,YES,CORRECT,16870.45
60,0x11,62,0x22,14,BUY,SELL,60,0x11,BUY,0x22,SELL,0x0000,YES,YES,YES,CORRECT,17082.62
61,0x22,88,0x11,51,BUY,BUY,61,0x22,BUY,0x11,BUY,0x0000,YES,YES,YES,CORRECT,16920.97
62,0x22,4,0x11,56,SELL,BUY,62,0x22,SELL,0x11,BUY,0x0000,YES,YES,YES,CORRECT,16827.84
63,0x11,26,0x22,22,SELL,SELL,63,0x11,SELL,0x22,SELL,0x0000,YES,YES,YES,CORRECT,17094.59
64,0x22,88,0x11,89,BUY,BUY,64,0x22,BUY,0x11,BUY,0x0000,YES,YES,YES,CORRECT,16706.46
65,0x22,99,0x11,95,BUY,BUY,65,0x22,BUY,0x11,BUY,0x0000,YES,YES,YES,CORRECT,16995.71
66,0x22,38,0x11,79,SELL,BUY,66,0x22,SELL,0x11,BUY,0x0000,YES,YES,YES,CORRECT,16989.07
67,0x11,92,0x22,36,BUY,SELL,67,0x11,BUY,0x22,SELL,0x0000,YES,YES,YES,CORRECT,16923.60
68,0x22,50,0x11,16,BUY,SELL,68,0x22,BUY,0x11,SELL,0x0000,YES,YES,YES,CORRECT,16872.00
69,0x11,51,0x22,89,SELL,BUY,69,0x11,SELL,0x22,BUY,0x0000,YES,YES,YES,CORRECT,16947.50
70,0x22,28,0x11,78,SELL,BUY,70,0x22,SELL,0x11,BUY,0x0000,YES,YES,YES,CORRECT,16916.61
71,0x11,81,0x22,77,BUY,BUY,71,0x11,BUY,0x22,BUY,0x0000,YES,YES,YES,CORRECT,16987.99
72,0x22,93,0x11,57,BUY,SELL,72,0x22,BUY,0x11,SELL,0x0000,YES,YES,YES,CORRECT,16923.14
73,0x11,62,0x22,72,BUY,BUY,73,0x11,BUY,0x22,BUY,0x0000,YES,YES,YES,CORRECT,17019.37
74,0x22,30,0x11,63,SELL,BUY,74,0x22,SELL,0x11,BUY,0x0000,YES,YES,YES,CORRECT,16799.21
75,0x22,82,0x11,18,BUY,SELL,75,0x22,BUY,0x11,SELL,0x0000,YES,YES,YES,CORRECT,16960.51
76,0x11,2,0x22,59,SELL,BUY,76,0x11,SELL,0x22,BUY,0x0000,YES,YES,YES,CORRECT,16936.85
77,0x22,31,0x11,77,SELL,BUY,77,0x22,SELL,0x11,BUY,0x0000,YES,YES,YES,CORRECT,17122.77
78,0x11,10,0x22,68,SELL,BUY,78,0x11,SELL,0x22,BUY,0x0000,YES,YES,YES,CORRECT,16767.25
79,0x22,49,0x11,69,SELL,BUY,79,0x22,SELL,0x11,BUY,0x0000,YES,YES,YES,CORRECT,16930.03
80,0x11,82,0x22,52,BUY,SELL,80,0x11,BUY,0x22,SELL,0x0000,YES,YES,YES,CORRECT,16953.50
81,0x11,64,0x22,18,BUY,SELL,81,0x11,BUY,0x22,SELL,0x0000,YES,YES,YES,CORRECT,16926.00
82,0x22,77,0x11,1,BUY,SELL,82,0x22,BUY,0x11,SELL,0x0000,YES,YES,YES,CORRECT,17030.42
83,0x11,83,0x22,0,BUY,SELL,83,0x11,BUY,0x22,SELL,0x0000,YES,YES,YES,CORRECT,16921.61
84,0x22,76,0x11,77,BUY,BUY,84,0x22,BUY,0x11,BUY,0x0000,YES,YES,YES,CORRECT,16938.71
85,0x11,82,0x22,82,BUY,BUY,85,0x11,BUY,0x22,BUY,0x0000,YES,YES,YES,CORRECT,16842.26
86,0x22,22,0x11,13,SELL,SELL,86,0x22,SELL,0x11,SELL,0x0000,YES,YES,YES,CORRECT,16947.41
87,0x11,81,0x22,72,BUY,BUY,87,0x11,BUY,0x22,BUY,0x0000,YES,YES,YES,CORRECT,17015.74
88,0x22,86,0x11,85,BUY,BUY,88,0x22,BUY,0x11,BUY,0x0000,YES,YES,YES,CORRECT,16954.20
89,0x22,24,0x11,17,SELL,SELL,89,0x22,SELL,0x11,SELL,0x0000,YES,YES,YES,CORRECT,16972.75
90,0x11,16,0x22,9,SELL,SELL,90,0x11,SELL,0x22,SELL,0x0000,YES,YES,YES,CORRECT,16814.66
91,0x22,13,0x11,69,SELL,BUY,91,0x22,SELL,0x11,BUY,0x0000,YES,YES,YES,CORRECT,16943.56
92,0x11,73,0x22,87,BUY,BUY,92,0x11,BUY,0x22,BUY,0x0000,YES,YES,YES,CORRECT,17040.56
93,0x11,72,0x22,81,BUY,BUY,93,0x11,BUY,0x22,BUY,0x0000,YES,YES,YES,CORRECT,16868.81
94,0x22,58,0x11,32,BUY,SELL,94,0x22,BUY,0x11,SELL,0x0000,YES,YES,YES,CORRECT,17038.05
95,0x22,32,0x11,32,SELL,SELL,95,0x22,SELL,0x11,SELL,0x0000,YES,YES,YES,CORRECT,16881.08
96,0x11,58,0x22,86,BUY,BUY,96,0x11,BUY,0x22,BUY,0x0000,YES,YES,YES,CORRECT,16990.38
97,0x22,83,0x11,47,BUY,SELL,97,0x22,BUY,0x11,SELL,0x0000,YES,YES,YES,CORRECT,16853.15
98,0x22,26,0x11,7,SELL,SELL,98,0x22,SELL,0x11,SELL,0x0000,YES,YES,YES,CORRECT,16933.29
99,0x22,87,0x11,38,BUY,SELL,99,0x22,BUY,0x11,SELL,0x0000,YES,YES,YES,CORRECT,16928.27
